<?xml version="1.0" encoding="UTF-8"?>
<beans xmlns="http://www.springframework.org/schema/beans"
       xmlns:xsi="http://www.w3.org/2001/XMLSchema-instance"
       xmlns:context="http://www.springframework.org/schema/context"
       xmlns:mvc="http://www.springframework.org/schema/mvc" xmlns:jpa="http://www.springframework.org/schema/data/jpa"
       xmlns:tx="http://www.springframework.org/schema/tx"
       xsi:schemaLocation="http://www.springframework.org/schema/beans http://www.springframework.org/schema/beans/spring-beans.xsd http://www.springframework.org/schema/context http://www.springframework.org/schema/context/spring-context.xsd http://www.springframework.org/schema/mvc http://www.springframework.org/schema/mvc/spring-mvc.xsd http://www.springframework.org/schema/data/jpa http://www.springframework.org/schema/data/jpa/spring-jpa.xsd http://www.springframework.org/schema/tx http://www.springframework.org/schema/tx/spring-tx.xsd">

       <!--指明 controller 所在包，并扫描其中的注解-->
       <context:component-scan base-package="com.cenyol.example.controller"/>

       <!-- 静态资源(js、image等)的访问 -->
       <mvc:default-servlet-handler/>

       <!-- 开启注解 -->
       <mvc:annotation-driven/>

       <!--ViewResolver 视图解析器-->
       <!--用于支持Servlet、JSP视图解析-->
       <bean id="jspViewResolver" class="org.springframework.web.servlet.view.InternalResourceViewResolver">
              <property name="viewClass" value="org.springframework.web.servlet.view.JstlView"/>
              <property name="prefix" value="/html/"/>
              <property name="suffix" value=".jsp"/>
       </bean>

       <!-- 表示JPA Repository所在的包 -->
       <jpa:repositories base-package="com.cenyol.example.repository"/>

       <bean id="entityManagerFactory" class="org.springframework.orm.jpa.LocalEntityManagerFactoryBean">
              <property name="persistenceUnitName" value="defaultPersistenceUnit"/>
       </bean>

       <!-- 事务管理 -->
       <bean id="transactionManager" class="org.springframework.orm.jpa.JpaTransactionManager">
              <property name="entityManagerFactory" ref="entityManagerFactory"/>
       </bean>

       <tx:annotation-driven transaction-manager="transactionManager"/>
</beans>